Filter,Group,nTrials,ERN_ms,ERN_amp,Pe_ms,Pe_amp
No spatial filter,All error,160,279.296875,-1.20487082773027,406.25,3.62383276272657
No spatial filter,3 deg error,40,285.15625,-1.44819970121839,427.734375,3.1149930812858
No spatial filter,6 deg error,40,310.546875,-0.714043253471622,492.1875,2.43458039237223
No spatial filter,9 deg error,40,267.578125,-2.7335745998833,404.296875,3.95058368674609
No spatial filter,12 deg error,40,279.296875,-0.641202850006892,390.625,8.254410015634
CAR,All error,160,300.78125,-0.30473729237611,408.203125,1.56847488816049
CAR,3 deg error,40,292.96875,-0.608460385534726,427.734375,1.10376385700394
CAR,6 deg error,40,306.640625,-0.545609248893884,412.109375,0.575119826531119
CAR,9 deg error,40,263.671875,-0.542447447321014,376.953125,1.6338119765412
CAR,12 deg error,40,298.828125,0.233395968004571,392.578125,3.53288139259907
